{
  "Routes": [
    {
      "DownstreamPathTemplate": "/api/movie",
      "DownstreamScheme": "http",
      "UpstreamPathTemplate": "/api/movie",
      "UpstreamHttpMethod": [ "Get" ],
      "Key": "movies",
      "ServiceName": "MOVIESAPI",
      "LoadBalancerOptions": {
        "Type": "RoundRobin"
      },
      "QoSOptions": {
        "ExceptionsAllowedBeforeBreaking": 2,
        "DurationOfBreak": 60000,
        "TimeoutValue": 2000
      }
    },
    {
      "DownstreamPathTemplate": "/api/user",
      "DownstreamScheme": "http",
      "UpstreamPathTemplate": "/api/user",
      "UpstreamHttpMethod": [ "Get" ],
      "Key": "users",
      "ServiceName": "UsersAPI",
      "LoadBalancerOptions": {
        "Type": "RoundRobin"
      },
      "QoSOptions": {
        "ExceptionsAllowedBeforeBreaking": 2,
        "DurationOfBreak": 60000,
        "TimeoutValue": 2000
      },
      "AuthenticationOptions": {
        "AuthenticationProviderKey": "IdentityApiKey",
        "AllowedScopes": []
      }
    },
    {
      "DownstreamPathTemplate": "/api/auth",
      "DownstreamScheme": "http",
      "UpstreamPathTemplate": "/api/auth",
      "UpstreamHttpMethod": [ "Get" ],
      "Key": "usersauth",
      "ServiceName": "UsersAPI",
      "LoadBalancerOptions": {
        "Type": "RoundRobin"
      },
      "QoSOptions": {
        "ExceptionsAllowedBeforeBreaking": 2,
        "DurationOfBreak": 60000,
        "TimeoutValue": 2000
      },
      "AuthenticationOptions": {
        "AuthenticationProviderKey": "IdentityApiKey",
        "AllowedScopes": [ "userapi" ]
      }
    }
  ],
  "Aggregates": [
    {
      "RouteKeys": [
        "movies",
        "users"
      ],
      "UpstreamPathTemplate": "/combine",
      "Aggregator": "FakeDefinedAggregator"
    }
  ],
  "GlobalConfiguration": {
    "RequestIdKey": "OcRequestId",
    "AdministrationPath": "/administration",
    "UseServiceDiscovery": true,
    "ServiceDiscoveryProvider": {
      "Type": "Eureka",
      "Host": "localhost",
      "Port": "8761"
    },
    "BaseUrl": "http://localhost:62583"
  }
}